hashtag,PR
coronavirus,0.023757647814446205
iot,0.014571340344553351
cybersecurity,0.010822076591692412
smartcity,0.010670159677690055
ai,0.010634278703494591
covid19,0.010538203677657077
italia,0.009596937501741037
huawei,0.009412206616980782
innovazione,0.0076207531703512965
cina,0.007437577564295669
smartphone,0.007324392214790325
robotics,0.0070557021058104425
selfdrivingcars,0.007005406620511356
selfdriving,0.007005406620511356
autonomousvehicles,0.006902567879120143
autonomous,0.0068702721724346804
driverless,0.006868172912512496
guidaautonoma,0.006731047270012237
driverlesscars,0.006540564662402223
tech,0.006477601754851093
startups,0.006101774045432437
sicurezza,0.0060810420479609825
startup,0.005550687702778193
robot,0.005509611627231687
governo,0.004617863743036877
internet,0.004608912357553899
ue,0.004444693703202433
smartworking,0.004294070875313809
usa,0.004284539159312833
tecnologia,0.004194730537366445
fibra,0.00394818407940829
tlc,0.003812011148339444
conte,0.0037796831403192105
stop5g,0.003664290068822564
xiaomi,0.003509659083037215
intelligenzaartificiale,0.0034587682751359436
tim,0.00330199885106412
daleggere,0.0031871638963418035
blockchain,0.0031621299488764883
digitale,0.003125199030685382
covid_19,0.003098852229164765
confindustria,0.0028183844903823378
copasir,0.0027936207903059267
vaccini,0.002757660764076375
rete,0.002702561720588565
digitaltransformation,0.0026305373366988724
mobile,0.002629786551882583
onu,0.002609851182455981
ict,0.002559122987571674
fastweb,0.0025358624333597203
electricvehicles,0.0025312800395369123
virus,0.002515568480284164
bigdata,0.002442518892545526
nato,0.002397809905328521
cloud,0.002375526731763174
covid2019,0.0023268118038287365
gunterpauli,0.0022945862885967983
libia,0.0022915860963020128
decretocuraitalia,0.002240835832153552
sindacati,0.002240835832153552
boccia,0.002240835832153552
palazzochigi,0.002240835832153552
pandemia,0.0022391364264111847
salute,0.00222201033741385
wuhan,0.002215982833502574
covid_19italia,0.002196781158842383
no5g,0.0021886180339217073
parlamento,0.002182591369688023
coronavirusitalia,0.002165664213638677
coronavid19,0.002148743817025012
qualcomm,0.002124182441246503
4g,0.0021024477732711107
servizisegreti,0.0021012149478515873
ericsson,0.0020641203413427236
fastwebrispondi,0.002042574618322309
wefastweb,0.002042574618322309
isis,0.002042494078976242
reti,0.0020159397423816995
artificialintelligence,0.0020141307848484677
fakenews,0.0019861153476311445
media,0.0019768736730187363
5gcoronavirus,0.0019644662182594645
israele,0.00195386498485541
iphone,0.001935657943364565
roma5g,0.0019353716617021295
telegram,0.0019331106452833168
key4biz,0.0019331106452833168
dataprotection,0.0019331106452833168
m5s,0.001911846034078349
mi10,0.0019043062219509877
vodafone,0.0018876885246255917
mise,0.0018876554303006716
zte,0.0018799385117474572
dittatura,0.0018458639182590175
covid19italia,0.0018114740513426122
vecchione,0.0018075760356647756
mi10pro,0.0017787894996498317
renzi,0.0017316889191825095
economia,0.0017315055861811793
windtre,0.0017218272345110065
lavoro,0.00171326338191172
bandaultralarga,0.0017054922803541866
tesla,0.001703053968393749
infrastrutture,0.0016857819959421121
android,0.001684230895431704
gas,0.001649384690710836
wifi,0.001642611051522894
edgecomputing,0.001636970236012819
inquinamento,0.0016367129632050392
italy,0.0015786897545927913
covidー19,0.0015774964438389008
sviluppo,0.0015623891604796877
aziende,0.001560798323238008
cia,0.0015509420149900123
apple,0.0015392018582140153
zingaretti,0.0015378153473182851
atac,0.0015378153473182851
ar,0.0015098248440736884
telecomunicazioni,0.001507023778043419
dualuse,0.00149654693079575
wipo,0.00149654693079575
datadriven,0.0014844031203771414
lockdown,0.0014578402184256358
telemedicina,0.0014464011779819217
intelligence,0.0014424546731090229
genova,0.00143880488668219
lg,0.0014138454851434486
mes,0.0014114038752621558
connessioni,0.001408395637424163
droni,0.001405150418477444
velocità,0.0013853394763433037
viadellaseta,0.0013769967696769423
germania,0.0013714761966332931
emf,0.0013669149157910338
francia,0.0013630668591037493
sanità,0.0013489248966599991
europa,0.0013345494704032936
tecnologie,0.0013345093055629705
technews,0.0013080191180856813
sicurezzanazionale,0.0013049090106073546
bandalarga,0.0012863931405038653
data,0.0012794677267725582
eni,0.0012748739964204337
snapdragon,0.0012743295275988262
network,0.0012684465703600638
oppo,0.0012665527211192364
basilicata,0.00125135953824139
smartcities,0.0012506373095438478
privacy,0.0012380620230132056
coronavirusitaly,0.0012356349328295482
report,0.001233065293769062
video,0.0012239623663126066
quarantena,0.00119080729967888
sistemaimmunitario,0.0011829760058198215
adessodibba,0.00116863697057245
smartphones,0.0011635704269559784
antenne,0.0011575576175041028
videosorveglianza,0.0011565352234455518
china,0.001153993321998315
cnit,0.001153641617024498
mobility,0.0011507385651464911
paese,0.0011393568815205944
telco,0.0011334222132858593
travel,0.0011301808527490907
verymobile,0.0011236344560796281
capacità,0.0011210112353610476
connettività,0.0011207529936799673
elettromagnetico,0.0011159664979376864
futuro,0.0011143010021418436
techie,0.0011084667184337194
democrazia,0.0011021538689623745
snapdragon865,0.0010961957952344403
fibraottica,0.00109100611492529
brevetti,0.0010906161675335853
luissbusiness,0.001086396812419301
aids,0.001077674200205577
samsung,0.0010690753119767056
febbre,0.0010689698442595773
appleblog,0.0010612672991655893
applenews,0.0010612672991655893
nokia,0.0010571861212696218
coronavirusupdate,0.0010531539728514474
trojan,0.001046125275779215
goldenpower,0.0010396875169436364
trump,0.0010336724866866537
shell,0.001028423817469521
total,0.001028423817469521
iorestoacasa,0.0010256646316400557
vivo,0.0010130061485171282
ioleggoacasa,0.0010039902736271263
boccardelli,0.001000436421025912
pianomarshall,0.001000436421025912
app,0.0009956243372448283
armabiologica,0.0009924513323030472
resetfinanziarioglobale,0.0009924513323030472
lezzi,0.0009871432171231383
crisieconomica,0.0009871432171231383
eurogroupe,0.0009871432171231383
italexit,0.0009871432171231383
madeinitaly,0.0009869128984064477
sony,0.0009633972367411372
sperimentazione,0.0009619578308117066
25marzo,0.0009561251138473613
torino,0.0009553793162689463
icnirp,0.0009516760236058658
digitali,0.00094724288686779
dis,0.0009466685035849412
coronashow,0.0009433804165401049
radioactivity,0.0009406302908945885
radiation,0.0009406302908945885
coronavirususa,0.0009406302908945885
coronaviruschallenge,0.0009406302908945885
coronaviruspandemic,0.0009406302908945885
distopya,0.0009406302908945885
middleclass,0.0009406302908945885
automazione,0.0009368005982611037
voxitalia,0.0009282897708005755
live,0.0009266454030461795
zs73,0.0009266454030461795
ricerca,0.0009094618680660362
toscana,0.0009002186094655536
emiliaromagna,0.0009002186094655536
roma,0.0008993476958755335
comunicazione,0.0008980833416103672
coronarvirusitalia,0.0008964986516194562
tv,0.0008915042102590376
monarch,0.0008895886488539285
formazione,0.0008842776553816842
android10,0.0008763756054689809
consumatori,0.000875702984874811
petrolio,0.0008727157831188723
matera,0.0008727157831188721
cancro,0.0008727157831188721
fwa,0.0008684865485608821
sicilia,0.0008637341183962226
machinelearning,0.0008622787313986655
dell,0.0008600101248754341
comunicazioni,0.0008585625939765186
telecom,0.0008508361621067044
mobili,0.000850255084686123
ia,0.0008417567431949282
datacenter,0.0008368157306919065
crisi,0.0008356621409315166
tecnologica,0.0008356621409315166
sociale,0.0008356621409315166
robotica,0.0008342906234635829
nwo,0.0008323985462379213
coscienza,0.0008222360460658299
breakingnews,0.0008165682862129003
topquality,0.0008165682862129003
windtrenonsiferma,0.0008165682862129003
social,0.0008155414195445677
friuli,0.0008080899817076426
scienza,0.0008050060424423863
domani,0.0007983348012891321
francesi,0.0007983348012891321
tedeschi,0.0007983348012891321
covid,0.0007925758739225659
dazi,0.0007825741534110541
gaming,0.0007799966426881288
networking,0.000770816711692907
automotive,0.0007600237983030165
ftth,0.0007548069399682137
edge,0.0007511701376587926
lombardia,0.0007492278999470843
digitalizzazione,0.0007447350508733552
innovation,0.0007424588199135022
digitaldivide,0.0007392326553219419
cloudpa,0.0007363657310232769
rai,0.000730387774975684
vaccine,0.0007301343011356513
abruzzo,0.0007290687330234126
calabria,0.0007290687330234126
campania,0.0007290687330234126
lazio,0.0007290687330234126
liguria,0.0007290687330234126
lombardía,0.0007290687330234126
marche,0.0007290687330234126
molise,0.0007290687330234126
piemonte,0.0007290687330234125
sardegna,0.0007290687330234125
trentino,0.0007290687330234125
phone,0.0007230085887841349
health,0.0007206292606371774
politica,0.0007184437385006722
dimaio,0.0007139779691766288
srm,0.0007120416642484317
aict,0.0007101581130831222
andratuttobene,0.0007075112401591498
2marzo,0.0006997426476853188
cinesi,0.000698558192420193
universitim,0.0006966684842043347
private,0.000696331100624613
armonizzare,0.000696331100624613
vite,0.0006864724569788361
5gbringnewvalue,0.000686141004739697
alberi,0.0006830783288450101
virtualreality,0.0006794436124862029
googlecloud,0.0006790333330617289
news,0.0006775374728908121
livorno,0.0006696432736816404
autopilot,0.000668026807901028
cosmote,0.0006655552672819643
complottismo,0.0006646371501506965
fondi,0.0006606967768284002
sperimentazioni,0.0006606967768284002
industria40,0.0006584089146583364
consapevolezza,0.0006572365209522169
università,0.000656988277880093
giovani,0.000656988277880093
realme,0.0006555809199545168
26marzo,0.0006551875478049115
17febbraio,0.000647281727963527
digiteconomy24,0.0006461037123405527
voip,0.0006460673327348498
martiallaw,0.0006457256722365843
it,0.0006438824969749807
socialmedia,0.0006434640377652125
mi10lite,0.0006417569366605942
ecosistema,0.0006384630360712492
esperienza,0.0006374474340108786
frosinone,0.0006363665864665973
tg24,0.0006363665864665972
case,0.000632254528579532
umanoidi,0.000625685334556343
cinese,0.0006214663037587496
novax,0.0006211999965097143
codogno,0.0006208489167757867
latitude,0.000618934669208706
orange,0.000618934669208706
orange5g,0.000618934669208706
latitude9510,0.0006189346692087059
fascismo,0.0006157183262162428
cittadini,0.0006146408369694774
stopmes,0.0006062686005750085
bloomberg,0.0006041776782970453
micron,0.0005991116260465919
inquinamentoelettromagnetico,0.0005892298184906436
eolo,0.0005884537690031191
opendata,0.000587275010023196
città,0.0005827562482918779
meizu,0.0005827488342095604
flyme8,0.0005827488342095604
meizu17,0.0005827488342095603
techno,0.0005827488342095603
fotografia,0.0005827488342095603
selfie,0.0005827488342095603
pnl,0.000582544273559674
tavistock,0.0005825442735596739
catastrofe,0.0005825442735596739
razzi,0.0005825442735596739
renesas_electronics,0.000577111769573385
8v97003,0.000577111769573385
beamforming,0.000577111769573385
mimo,0.000577111769573385
3g,0.0005764826408233642
lega,0.0005724183717413325
oracle,0.0005720612931430514
mussolini,0.0005715894216668436
donaldtrump,0.0005715894216668435
guerradisecessione,0.0005715894216668435
pellerossa,0.0005715894216668434
redmi,0.0005705856708299374
partnership,0.0005698059368036392
microchip,0.0005680058084821035
gsma,0.0005643361260648239
lenovo,0.0005640482959633572
wind,0.0005636267903738084
mi10lite5g,0.000561605004699921
tso,0.0005580522288551048
smartgrid,0.00055649529495572
multicloud,0.0005553902238506793
sciechimiche,0.0005548558782088912
mobilità,0.0005519640667227471
serie,0.000547621671844665
matexs,0.000547080539394269
gazebi,0.0005470117215903438
voxitaliabrescia,0.0005470117215903438
brescia,0.0005470117215903438
desenzanodelgarda,0.0005470117215903438
castiglionedellestiviere,0.0005470117215903438
14marzo,0.0005470117215903438
21marzo,0.0005470117215903438
4aprile,0.0005470117215903438
noreferendum,0.0005470117215903438
notaglioparlamentari,0.0005470117215903438
healthcare,0.0005439558887108496
psyop,0.0005414815341359273
sim,0.000541258144700754
whitepaper,0.0005411690316474148
appgallery,0.000540672026528846
covid2019italia,0.0005387782602913007
internetofthings,0.0005378070003413948
restiamoacasa,0.0005367314871488748
ultralarga,0.0005363407069276151
giappone,0.0005346727034110319
security,0.0005343638539577774
microonde,0.0005340859862783051
offerta,0.0005322715361265804
promo,0.0005322715361265804
15febbraio,0.0005322715361265804
108mp,0.0005322715361265803
preorder,0.0005322715361265803
preordine,0.0005322715361265803
geekbuying,0.0005322715361265803
rtw,0.0005322715361265803
xiaomimi10,0.0005322715361265802
xiaomimi10pro,0.0005322715361265802
competenze,0.0005296834743901037
cercasicavieumane,0.0005293731170244149
gubitosi,0.0005284060153325212
billgates,0.0005282162291299387
massmedia,0.0005271085345125546
telegiornali,0.0005271085345125546
astroslide,0.0005259417042106538
linux,0.0005259417042106537
stopchina,0.0005234767419895294
to,0.0005229509283864223
machine,0.0005229509283864222
vaccino,0.0005225900343053479
batteria,0.0005201647253572667
streaming,0.0005199048934747721
emergenzacovid19,0.0005196863011471724
emergenzacoronavirus,0.0005196863011471724
vergo,0.0005196863011471724
globalwarming,0.0005144217779131259
sostenibilità,0.0005144217779131259
cfo,0.0005144217779131259
webinarseries,0.0005144217779131259
pd,0.0005122762509231828
umcp,0.0005114385452062945
lpddr5,0.0005114385452062945
ufs,0.0005114385452062944
remoteworking,0.0005093133497027955
euroinformatica,0.0005089625640290561
cybercrime,0.0005089625640290561
wuflu,0.0005072319506656594
brembo,0.0005072319506656594
nembro,0.0005072319506656594
iphone12,0.0005061673427721273
iphone12pro,0.0005061673427721273
iphone12promax,0.0005061673427721273
honor,0.0005034612486991155
controllo,0.0005023763421249098
31marzo,0.0005018178405773419
alleanza,0.0005017319927342581
googlenext2020,0.000501731992734258
hybridcloud,0.000501731992734258
kurian,0.000501731992734258
giuseppi,0.0005005802083292342
gigafactory,0.0004999614304128485
gerusalemme,0.0004993672073441552
fake,0.0004993672073441552
ologrammi,0.0004993672073441552
israeliano,0.0004993672073441552
israel,0.0004993672073441552
florida,0.000498353387267359
giuliani,0.000498353387267359
italiana,0.000498353387267359
livio,0.000498353387267359
magnetico,0.000498353387267359
radio,0.000498353387267359
campo,0.0004983533872673589
ciancio,0.0004983533872673589
comprendere,0.0004983533872673589
elettro,0.0004983533872673589
fabrizio,0.0004983533872673589
milano,0.0004972270043243494
sars,0.0004966083625824187
intrattenimento,0.0004961477356748062
odd2020,0.0004944948323620977
opendataday,0.0004944948323620977
opendataday2020,0.0004944948323620977
wifi6,0.0004926950974717427
intelligenza,0.000491062612829052
openfiber,0.000489765066304085
immunesystem,0.00048599826657093825
elettrosmog,0.0004845873846429235
transport,0.00048303476393306505
fastwebdigitalacademy,0.0004825273672080879
verità,0.0004823615373727278
leadership,0.0004823615373727278
fatti,0.0004823615373727278
bullismo,0.0004823615373727278
ottimismo,0.0004823615373727278
popoli,0.0004823615373727278
formiche,0.0004822334987400725
wuhanvirus,0.0004822334987400725
milanodigitalweek,0.0004816703484261163
cultura,0.0004816703484261162
realmex50pro5g,0.00047550356027207104
pillolesuldigitale,0.00047527205060857907
5s,0.00047449469157102457
amodeo,0.0004707560930364214
ti,0.00047019818314430003
complotto,0.0004698973655414094
restiamoconnessi,0.00046982849136433023
iorestoqui,0.00046982849136433023
iononrestosolo,0.00046982849136433023
vodafoneitalia,0.00046982849136433023
vodafonetv,0.00046982849136433023
serietv,0.00046982849136433023
igersitalia,0.00046982849136433023
pubblicautilità,0.00046982849136433023
igerscampania,0.00046982849136433023
rassegnastampa,0.00046935707173005684
ransomware,0.0004692046371119338
whuan,0.00046882975152026977
specs,0.0004685515156946215
specification,0.0004685515156946215
phones,0.0004685515156946215
vivomobile,0.0004685515156946215
vivonex3,0.0004685515156946215
price,0.0004685515156946215
pakistan,0.0004685515156946215
tringpk,0.0004685515156946215
innovationmanagement,0.00046826203723951
impresa40,0.0004682620372395097
automation,0.0004682620372395097
aerei,0.0004672452970214177
sindaci,0.0004672452970214177
comuni,0.0004672452970214177
prato,0.0004653723402208186
snapdragonx60,0.00046499918466887834
sud,0.00046455689296181444
capitaleumano,0.00046455689296181444
vita,0.00046455689296181433
19febbraio,0.00046356338433281693
genius,0.00046289679505194943
device,0.00046289679505194943
best,0.0004628967950519494
top,0.0004628967950519494
fast,0.0004628967950519494
storage,0.0004628967950519494
photo,0.0004628967950519494
palazzomadama,0.0004627471035573779
3d,0.0004627471035573778
abbonamenti,0.00046040028967918995
13milioni,0.00046040028967918995
ambiente,0.0004599348628671961
carceri,0.00045899558750376197
umani,0.00045899558750376197
rdc,0.00045899558750376186
processi,0.00045899558750376186
palermo,0.00045896080587256346
softbank,0.00045886298258844836
incentivi,0.0004541530715565261
business,0.00045397338553563243
industria,0.00045171175637821417
trasporti,0.000450485435792042
5marzo,0.0004502821381148739
orban,0.00045019081734353297
ungheria,0.00045019081734353297
disinformazione,0.00045019081734353297
htc,0.00044924780894497443
bitcoin,0.00044924780894497443
mozione,0.00044899710987238644
digitaltrasformation,0.00044899710987238644
planetcomputers,0.0004474478723460293
indiegogo,0.0004474478723460293
goi,0.0004458811703149839
beast,0.0004458811703149839
anticristo,0.0004458811703149839
cei,0.0004458811703149839
impostura,0.0004458811703149839
tv2000,0.0004458811703149839
umanesimo,0.0004458811703149839
diecisegreti,0.0004458811703149839
merkel,0.0004458811703149839
oasisana,0.000444624914449499
ericssonitalia,0.00044457796550228927
teamericsson,0.00044457796550228927
firenze,0.0004444477828327427
mi10family,0.00043936130422282595
mi10series,0.00043936130422282595
bestbuy,0.00043936130422282595
newstech,0.00043936130422282595
xiaomimi10lite5g,0.00043936130422282584
27marzo,0.00043936130422282584
emui,0.000438660329965011
kirin990,0.0004386603299650109
multitasking,0.0004386603299650109
pieghevole,0.0004386603299650109
leica,0.0004386603299650109
1miliardo,0.00043428973613782423
posti,0.00043428973613782423
produzione,0.0004342897361378242
statistiche,0.00043207280857014295
android11,0.000431839166482992
chinesevirus,0.0004311611873556064
wiko,0.00043112650322687114
travelhashtag2020,0.00043112650322687114
visualstorytelling,0.000431126503226871
letsliveit,0.000431126503226871
voicesearch,0.000431126503226871
instantmessaging,0.000431126503226871
industry40,0.0004262629275578505
emergenti,0.00042559440294606026
domande,0.00042559440294606026
vestager,0.0004245948524089376
tg1,0.000424541022459822
ultrabroadband,0.00042328235892855824
pmidigitallab,0.0004228163145459809
modena,0.0004228163145459809
connessione,0.0004221839875159933
complottistiidioti,0.00042124894989408693
complottisti,0.00042124894989408693
gomblotto,0.00042124894989408693
complottistidimerda,0.00042124894989408693
tuttoscritto,0.00042124894989408693
noncelodicono,0.00042124894989408693
google,0.00042103516427724334
imprese,0.0004200533023907537
dronesurveillance,0.0004199463897426843
wuhanflu,0.0004199463897426842
pandemie,0.0004191099159497093
salvatorerainò,0.00041847368554570613
trattamentosanitarioobbligatorio,0.00041847368554570613
farmaci,0.00041847368554570613
dottore,0.00041847368554570613
tamponi,0.00041847368554570613
tampone,0.00041847368554570613
psichiatria,0.00041847368554570613
medico,0.00041847368554570613
falsipositivi,0.00041847368554570613
mascherine,0.00041847368554570613
twitter,0.000415734947502783
razzismo,0.00041442170906300476
incrociano,0.00041442170906300476
scontrano,0.00041442170906300476
online,0.00041442170906300476
ondemillimetriche,0.00041442170906300476
cittadinidelmondo,0.00041442170906300476
peccato,0.00041442170906300476
pall,0.0004142205950353512
voxitalialecce,0.00041320262482287805
instasaver,0.00041320262482287795
80hz,0.0004128241844883867
display,0.0004128241844883867
k30pro,0.0004128241844883867
modding,0.0004128241844883867
root,0.0004128241844883867
racale,0.00041126656039271165
metallo,0.0004112665603927116
sindaco,0.0004112665603927116
pandemiamundial,0.00041094099637583274
medicina,0.00041094099637583274
strategy,0.00041094099637583274
elettromagnetismo,0.0004103418629181821
wireless,0.0004103109764967556
6g,0.00040824468231643435
luiss,0.0004074288331330779
adios,0.0004051665475610576
sebeccamo,0.0004051665475610576
gameover,0.0004051665475610575
bye,0.0004051665475610575
ciao,0.0004051665475610575
nord,0.00040488347004816384
catanzaro,0.000402856535364046
gates,0.0003999074719692132
netflix,0.0003999074719692132
propagandavaccinale,0.0003999074719692132
fitce,0.0003997403653256613
smart,0.00039923626740068766
green,0.00039726899884315304
gara,0.00039441523846236147
strade,0.0003944152384623614
oneoonegames,0.0003939690444792064
pingpong,0.0003939690444792064
pingpongpro,0.0003939690444792064
timgames,0.0003939690444792064
gamingitaliano,0.0003939690444792064
videogiochi,0.0003939690444792064
videogames,0.0003939690444792064
magazine,0.0003939690444792064
tic,0.00039334380660243127
laboratori,0.00039334380660243116
prova,0.00039334380660243116
taratura,0.00039334380660243116
rpaitaly,0.0003930577452574482
ingegneriasistemisicurezza,0.0003930577452574482
linkcampusuniversity,0.0003930577452574482
schneiderelectric,0.0003930577452574482
enea,0.0003930577452574482
sirti,0.0003930577452574482
bul,0.00038945342823437694
transizionedigitale,0.00038925732684685487
astridrassegna,0.0003870586363363117
diritti,0.0003870586363363116
economiainternazionale,0.0003870586363363116
economiaitaliana,0.0003870586363363116
economiadigitale,0.0003870586363363116
competenzedigitali,0.0003870586363363116
istituzioniue,0.00038705863633631157
regionalismo,0.00038705863633631157
informatiche,0.0003858451766463105
udine,0.0003858451766463105
bruxhell,0.00038581499366901226
terrorismo,0.0003849662363637507
pauli,0.0003839939275711232
iliad,0.0003821915099189552
andreanicola,0.0003819672934100306
oltrecoscienza,0.0003819672934100306
informazioni,0.0003819672934100306
televisione,0.0003819672934100306
controllomentale,0.0003819672934100306
servizi,0.0003818291121620067
ehealth,0.0003814110791352032
watchguard,0.00038098768666122815
protezionedeidati,0.00038098768666122815
garrone,0.00038084301318215487
infratel,0.0003805890164752224
lastampa,0.0003803921295613718
anci,0.0003803921295613718
uncem,0.0003803921295613718
homeoffice,0.0003799733956038874
leolov,0.0003799733956038874
gadget,0.000378358188578901
airpurifier,0.000378358188578901
auricolari,0.000378358188578901
mitv,0.000378358188578901
router,0.000378358188578901
tws,0.000378358188578901
infosec,0.000378147766935468
itsecurity,0.000378147766935468
takaichi,0.0003766222521650319
japan,0.00037662225216503187
v60,0.00037644757905253554
modello,0.00037644757905253554
thinq,0.00037644757905253554
audio,0.00037644757905253554
foto,0.00037644757905253554
giochimilitari,0.00037450614558719647
transumanesimo,0.0003743526100038357
game,0.00037374473039403883
rogphone,0.00037374473039403883
googlestadia,0.00037374473039403883
smarphone,0.00037374473039403883
asus,0.00037374473039403883
farmaceutica,0.0003734603925675068
5gbuiltright,0.0003733681984935058
ancipiemonte,0.0003733681984935057
bergamo,0.0003731105659409418
realtàaumentata,0.0003716630370749394
robots,0.00037164541390114327
dasapere,0.00037148536597881465
trasferimentotecnologico,0.00037148536597881465
tecnologieemergenti,0.00037148536597881465
pa,0.00036985583906266954
cvcn,0.0003698558390626694
geodatalab,0.0003684762768364694
gis,0.0003684762768364694
c,0.00036443516345781345
cellulari,0.00036443516345781345
massimomazzucco,0.00036443516345781345
satelliti,0.00036443516345781345
loon,0.0003634283928337052
disruptive,0.00036305036744007887
rpa,0.00036305036744007887
dataops,0.00036305036744007887
container,0.00036305036744007887
mixedreality,0.0003630503674400788
augumentedreality,0.0003630503674400788
energia,0.00036289180816074243
antoniatulino,0.00036245258241472347
dispositivi,0.0003621285611456398
intel,0.0003613489855803045
chemtrails,0.0003612499924785215
innovationmanager,0.000360786975150986
illuminazionepubblica,0.000360117751896282
ricariche,0.000360117751896282
vas,0.0003601177518962819
brevettoitaliano,0.0003601177518962819
ptsclas,0.00035900004818216594
luissbusinessschool,0.00035900004818216594
invitalia,0.00035900004818216594
wifitalia,0.00035900004818216594
mediaset,0.00035900004818216594
knowledgethatinnovates,0.00035900004818216594
veniamodalontano,0.00035900004818216594
antenne5g,0.00035811240987493944
chinavirus,0.0003576458041306132
v19,0.0003571840781262614
snapdragon675,0.0003571840781262614
nex3s5g,0.0003571840781262613
snapdragon855,0.0003571840781262613
turchia,0.0003567860946778644
com,0.00035589219350330926
cellular,0.00035589219350330926
bigdate,0.00035589219350330926
affidabile,0.00035474633730694856
utenti,0.00035474633730694856
rivoluzionaria,0.00035474633730694856
sicuro,0.0003547463373069485
ciscosystems,0.00035380354960805885
fgas,0.00035347861981138484
asteco2,0.00035347861981138484
sistemaidricointegrato,0.00035347861981138484
refe,0.00035347861981138484
sorveglianza,0.00035208781280613105
casaleggio,0.000350577312334467
bestcoverage,0.0003481407998490259
chip,0.00034814079984902586
hwlimitless,0.00034814079984902586
hwclient,0.00034814079984902586
levandowski,0.0003460426106775619
marketing,0.00034533201136704436
trasformato,0.0003453320113670443
oltre,0.0003453320113670443
canali,0.0003453320113670443
artificiale,0.0003444212390055645
sanita,0.00034397352732554653
sindacoottaviani,0.0003429342047848509
bambini,0.0003426919023273063
emk_ultra,0.0003426919023273063
maserati,0.00034252271692831153
auto,0.00034252271692831153
vivos6,0.0003411871061892516
vivos65g,0.0003411871061892516
exynos980,0.0003411871061892516
giveaway,0.00034075660299342695
lgv60thinq5g,0.00034075660299342695
lgv60thinq,0.00034075660299342695
v60thinq,0.00034075660299342695
v60thinq5g,0.00034075660299342695
catania,0.0003389677923925337
tg5,0.00033851749499884116
anticipare,0.0003382134959334751
resistere,0.0003382134959334751
superare,0.0003382134959334751
adattarsi,0.0003382134959334751
lavoroagile,0.0003382134959334751
oginews,0.0003372912517560198
scenari,0.0003369109451809384
gruppi,0.00033691094518093834
parlamentari,0.00033691094518093834
stefanolaporta,0.00033691094518093834
digitimes,0.00033642444616994576
ipad,0.00033642444616994576
aip,0.00033642444616994576
filmyourhospital,0.0003355421114628846
plandemic,0.00033554211146288453
xperia,0.00033520890171638193
governodelcontagio,0.00033345928149379673
presidentemattarella,0.00033345928149379673
hopersoillavoro,0.00033345928149379673
12marzo,0.0003334592814937967
tuttochiuso,0.0003334592814937967
astrophotography,0.0003330591398384976
enel,0.0003328540137696854
leonardo,0.0003328540137696854
rudolfsteiner,0.00033282017755186514
edeluca,0.0003326172762201552
tecnologiemergenti,0.0003322466245703345
foldablephones,0.0003320432463851456
orwell,0.0003308728435367829
globalizzazione,0.0003284557632852252
deglobalizzazione,0.0003284557632852252
epidemia,0.0003284557632852252
industriaitaliana,0.0003267782772896616
ubb,0.00032670030231818635
cavie,0.0003258168755156667
miui11,0.00032577926811853887
corona,0.00032577926811853887
discoverysport,0.00032577926811853887
india,0.00032577926811853887
coronavirusoutbreak,0.0003250213063195274
coronaitaly,0.0003250213063195274
viruscorona,0.0003250213063195274
italycoronavirus,0.0003250213063195274
italylockdown,0.0003250213063195274
italystaystrong,0.0003250213063195274
speedofthefuture,0.0003243572632261311
x50pro,0.0003243572632261311
x50pro5g,0.0003243572632261311
qualcommsnapdragonx60,0.00032397538928827485
modem5g,0.00032397538928827485
mmwave,0.00032397538928827485
sub6,0.00032397538928827485
grillo,0.00032382628776928034
isde,0.0003235378896644637
tremont,0.0003231272770042103
atomp5900,0.0003231272770042103
p5900,0.0003231272770042103
cybsersecurity,0.00032276134134747423
pensareeagirealtrimenti,0.00032197607129055416
neurologia,0.0003217516723142699
sociology,0.0003217516723142699
casualty,0.0003217516723142699
fortbragg,0.00032071721647712283
guerra,0.0003207172164771228
attacco,0.0003207172164771228
bioterrorismo,0.0003207172164771228
med,0.0003207172164771227
delta,0.0003207172164771227
investimenti,0.0003200415618357866
centoventicomuni,0.00031809435214388203
eu5gappeal,0.00031809435214388203
warn,0.00031809435214388203
serioushealtheffectsof5g,0.00031809435214388203
ilfuturoèmobile,0.0003178605004233332
customerservice,0.0003178605004233332
maintenance,0.0003178605004233332
7g,0.00031711440350752195
stammerda,0.00031687463974427007
nomes,0.00031687463974427007
carlo,0.00031687463974427007
regina,0.00031687463974427007
william,0.00031687463974427007
wakeup,0.00031651129032570353
truth,0.00031651129032570353
doctor,0.00031651129032570353
courage,0.00031651129032570353
steiner,0.0003162218332853527
terra,0.0003162218332853527
elettricità,0.0003162218332853527
relazione,0.00031261148488125344
nazione,0.00031261148488125344
perimetronazionale,0.00031261148488125344
technology,0.0003122598637527483
europeanunion,0.0003122598637527483
modely,0.00031209530608651066
telegramdown,0.00031127752984264697
restateacasa,0.00031127752984264697
facebookdown,0.0003112775298426469
whatsappdown,0.00031127752984264686
software,0.00031036687340929336
pillolaogi,0.00031036687340929336
toyota,0.000310277156864692
blackrock,0.000310277156864692
clearviewai,0.000310277156864692
stop5gnow,0.0003097657136589316
savetheworld,0.0003097657136589316
tg,0.000309738082955819
algoritmi,0.0003084042736127446
computerquantistici,0.0003084042736127446
datascience,0.0003084042736127446
economiacontagiata,0.00030804700960101794
dirittiumani,0.0003078817660706001
lafleacasatua,0.0003078817660706001
economico,0.000306682321692308
italiani,0.00030641206600900175
finanza,0.00030639027305352095
donne,0.00030639027305352085
trends,0.00030639027305352085
assistenzasanitaria,0.00030639027305352085
grafene,0.00030639027305352085
spazzatura,0.00030639027305352085
agcom,0.00030553292366390335
influencer,0.000305246266111655
idsnnd,0.0003049821737663415
mimix35g,0.0003028009928236374
xiaomimimix35g,0.0003028009928236374
xiaomimimix3,0.0003028009928236373
foldable,0.00030280099282363715
mimix3,0.00030280099282363715
mimix4,0.00030280099282363715
svizzera,0.0003026517808258234
quotidianità,0.0003013793632607231
30marzo,0.00030104212749420314
coronaflu,0.0003009615793155906
5gnotnow,0.00030058572889796897
tariffe,0.0003004485017957523
h3g,0.0003004485017957523
zagabria,0.00030031804522892157
supremazia,0.0003000740348593172
massimo,0.0003000740348593172
popolazione,0.0003000740348593172
economica,0.0003000740348593172
spionaggio,0.0003000740348593172
digitalfuturenow,0.00030005149426123374
nbiot,0.0003000514942612337
m2msmart,0.0003000514942612337
olivetti,0.0003000514942612337
manifatturiero,0.00029940415981411184
crisicoronavirus,0.00029940415981411184
pmi,0.0002983060444474156
artigiani,0.00029808730388599384
multinazionali,0.00029808730388599384
poliziaeuropea,0.00029808730388599384
italiadigitale,0.00029794314959659645
giga,0.000297837622166387
informatica,0.00029502189661925835
paura,0.00029400421718198393
pandemiacoronavirus,0.00029400421718198393
vaccinazione,0.00029400421718198393
eugenetica,0.00029400421718198393
spada,0.0002939712171890797
spettro,0.0002939712171890797
curaitalia,0.0002939712171890797
eventidigitalidanonperdere,0.00029242921621225207
gdpr,0.00029242921621225207
cmx,0.00029242921621225207
olimontel,0.0002917048876722177
b2b,0.0002917048876722177
export,0.0002917048876722177
10marzo,0.0002913389162456659
buongiorné,0.0002913389162456659
buongiornoatutti,0.0002913389162456659
buonanotte,0.0002913389162456659
usa2020,0.0002913389162456659
realmex60,0.00029123316910447457
mediatekdimensity1000l,0.0002912331691044745
quxichase,0.0002912331691044745
bluetooth,0.00029076772391961467
reno,0.00029076772391961467
sig,0.0002907677239196146
snapdragon765g,0.0002907677239196146
loavevodetto,0.0002894205520353615
unpaesefottuto,0.0002894205520353615
precisionfarming,0.0002881003920040956
agrifoglio,0.00028810039200409553
alsia,0.00028810039200409553
volkswagen,0.0002871384918012928
danni,0.0002855802252018292
verizon,0.00028543463085137997
terzomondo,0.0002853262056115237
eiopago,0.0002853262056115237
grazie,0.0002853262056115237
cellulare,0.0002846024847975456
tumori,0.0002846024847975456
viversaniebelli,0.0002846024847975456
24febbraio,0.000284263374841066
contedimettiti,0.00028395256132995135
geodatainterests,0.00028272359016133833
microservizi,0.00028245985077134854
asset,0.00028245985077134854
marcegaglia,0.0002820872150651456
paglieri,0.0002820872150651455
safermilan,0.0002820872150651455
linkem,0.0002810075398583388
greeneconomy,0.0002810075398583388
vera,0.00027934191500549743
causa,0.00027934191500549743
delle,0.00027934191500549743
wuhanpneumonia,0.0002783522169350923
nuovismartphone,0.00027831107506047774
smartphone5g,0.00027831107506047774
honorview30pro,0.00027831107506047774
huaweimatexs,0.00027831107506047774
covid19italy,0.00027790184377510333
bando,0.0002768177513086782
coronaviriusitalia,0.00027615592456526727
giuseppeconte,0.0002761559245652672
5gtowers,0.0002761559245652672
industry4,0.0002751731690419823
cyberthreat,0.0002751731690419823
coronarovirus,0.0002745602551115653
censorship,0.0002745602551115653
wuhancoronavirus,0.0002745602551115653
blackswan,0.0002745602551115653
vertiv,0.00027443571078873577
trend,0.00027443571078873577
ottaviani,0.00027346421874011154
fo,0.00027286383924159926
oceanstordorado,0.00027190926381994313
huaweimwc,0.00027190926381994313
bruxelles,0.0002716491969302177
governi,0.0002716491969302177
grecia,0.00027140934140676675
checkout,0.0002704878988265601
amazon,0.0002704878988265601
computervision,0.0002704878988265601
deeplearning,0.0002704878988265601
sensorfusion,0.0002704878988265601
autofuturo,0.000270287054525508
leaseplan,0.000270287054525508
autoconnesse,0.000270287054525508
noleggioauto,0.000270287054525508
fissa,0.00027007033609099273
didattica,0.00027007033609099273
fascicoloelettronico,0.00027007033609099273
padigitale,0.00027007033609099273
efficienza,0.0002686945101529213
westlessness,0.0002682549504549326
difesa,0.00026825495045493253
balcanioccidentali,0.00026825495045493253
blockchaintechnology,0.00026649910290038733
yoga,0.00026567803537360583
lenovoyoga5g,0.00026567803537360583
windows10,0.00026567803537360583
chiudetegiletti,0.0002654939227210148
tvprofeta,0.0002654939227210148
diodenaro,0.0002654939227210148
independencedaynet,0.0002654354744206464
newworldweb2020,0.0002654354744206464
whatmediadontsay,0.0002654354744206464
19marzo,0.0002654354744206464
mengeledibergamo,0.0002654354744206464
aeriirroratori,0.00026543547442064633
genitori,0.00026493052846791697
guidagenitori,0.00026493052846791697
quinta,0.0002649305284679169
regolamentazione,0.0002643880146074096
borisjohnson,0.00026432956245977477
industriale,0.00026392389172753296
acasa,0.0002632754953269193
findx2series,0.00026299459498213855
findx2,0.00026299459498213855
findx2pro,0.00026299459498213855
martin,0.00026166314956786025
minaccia,0.00026166314956786025
sopravvivenza,0.00026166314956786025
ottica,0.00026131171603137256
nubia,0.00026063924461398354
chigi,0.0002606190316918044
moratoria,0.0002606190316918044
gunter,0.00026061903169180437
mi,0.0002603817756572231
pro,0.0002603817756572231
transumanza,0.00026034487104513497
exumani,0.00026034487104513497
barcellona,0.00025877157987689306
coronvirusitalia,0.0002584417601469096
sadefenza,0.00025833332517268996
g5,0.00025833332517268996
waymo,0.0002582851548107698
relazioni,0.00025774206799876025
notav,0.0002569635547370651
noeuro,0.00025696355473706507
sunspeker,0.00025645740947160335
sastotem,0.00025645740947160335
besmartbesunny,0.00025645740947160335
scuolechiuse,0.0002559452260370297
exodus,0.00025527330493876194
fca,0.00025486845628753385
sensibili,0.00025399651793130574
settorelogistico,0.00025389663070135674
dhl,0.00025389663070135674
prospettive,0.0002538966307013567
diritto,0.0002537514456010006
ecologia,0.0002537514456010006
telematica,0.0002518965905728266
ospedali,0.0002518965905728266
fabbriche,0.0002518965905728266
bros,0.0002501671183777025
bce,0.0002501671183777025
realtime,0.0002483872561145677
lexus,0.0002480178357109341
genevamotorshow,0.0002480178357109341
industry,0.0002471558469452766
smartmanufacturing,0.0002471558469452766
connectedenterprise,0.0002471558469452766
aubayitalia,0.0002464796989263861
aubay,0.0002464796989263861
5gkills,0.00024585127939529304
metallipesanti,0.00024581878331640493
tradewar,0.0002456018867235392
byoblu,0.0002448137591034051
smartnation,0.0002445799965594472
utilities,0.00024457999655944714
popupcamera,0.0002440549564900305
redmik30pro,0.0002440549564900305
morelli,0.00024380909167920714
ibmitalia,0.00024380909167920714
hitech,0.00024379425139772464
azioni,0.00024344869207995043
mercati,0.00024344869207995043
internetdellecose,0.00024344869207995043
anno,0.000242921505299696
bisesto,0.000242921505299696
funesto,0.000242921505299696
mercedes,0.00024248380468733024
daimler,0.00024237179213405514
studenti,0.0002413821749264864
realmex50pro,0.00024072830103355348
gsm,0.00024015386835165564
gprs,0.00024015386835165564
slovenia,0.00024013885551266165
parma,0.0002393907946162631
motorola,0.0002392938805882757
legion,0.0002392938805882757
russia,0.00023916501253490072
wuhang,0.00023859053952715663
censoria,0.00023859053952715652
zeiss,0.00023830988442862452
fermiamoloinsieme,0.00023830988442862452
redmagic,0.00023618167077331539
teleassistenza,0.00023598921285066866
lafruttarianaribelle,0.000235615495352108
elearning,0.00023481423189629822
didatticaadistanza,0.00023481423189629822
didatticadigitale,0.00023481423189629816
sovranità_tecnologica,0.0002346074342513526
leadership_digitale,0.0002346074342513526
servizi_data_driven,0.0002346074342513526
corononavirus,0.00023404124213968058
sfruttano,0.00023404124213968058
governoconte,0.00023404124213968058
catastrofi,0.000232695301078003
incendi,0.000232695301078003
nokiamobilelive,0.00023220093853708115
nokia835g,0.00023220093853708107
chinamobile,0.00023121137465728671
valore,0.00023083589283518535
asia,0.00023083589283518535
assange,0.00022949353291275832
paesipoveri,0.00022949353291275832
rifiuti,0.00022949353291275832
nuove,0.00022904688226005416
prometeo,0.00022839631983127557
ultrabraodband,0.00022810586761725456
digitaleu,0.00022810586761725456
dati,0.00022807864782662039
digitalnews,0.00022807864782662039
modem,0.00022803550901341767
mate,0.00022734542074314676
galaxy,0.00022734542074314676
fold,0.00022734542074314676
radiofrequency,0.00022705905053181473
coronavirusita,0.00022585620486856883
miwuhan,0.00022585620486856883
matrix,0.00022585620486856883
asean,0.00022551337376110168
falsainformazione,0.00022432804209676538
murdrers,0.00022432804209676538
inside,0.00022387737049325943
kddi,0.00022379755088951228
volpi,0.00022239167355746884
electriccars,0.00022114774419086
facciamoinformazione,0.00022103551531492925
facciamorete,0.00022103551531491795
diagnosi,0.00022080272228435993
remoto,0.00022080272228435993
chinatelecom,0.00022080272228435993
polemica,0.0002206910736747278
elettromagnetica,0.0002206910736747278
tenaa,0.0002202838706072141
huaweip40,0.0002202838706072141
superveloce,0.00021530731801682384
bologna,0.0002148828491075802
timdigitalstore,0.00021291407187900923
ministerodellasalute,0.00021175334171701164
sapevatelo,0.00021167067395994353
arcuri,0.0002095924921304515
unionesovietica,0.0002095924921304515
italioni,0.00020933260171293627
telecomunucazioni,0.00020933260171293627
xiaomimi10lite,0.00020892524239847317
obbligovaccinale,0.00020819532398762072
mwc20,0.00020775835235093806
oran,0.00020740278759417724
tip,0.00020740278759417724
istruzione,0.00020720115562697193
nodata,0.0002069427928779938
nomarket,0.0002069427928779938
connected,0.00020637962574919212
autointerconnesse,0.00020637962574919207
churchill,0.00020527042926687925
ionondimentico,0.00020527042926687925
cancerogenicità,0.00020324081688652783
burioni,0.00020314787357016958
oms,0.00020250165649190316
madeinchina,0.0002018976914060949
defendereurope20,0.0002018976914060949
idiotiallosbando,0.00020189769140609469
agi,0.00020189769140609469
positivo,0.00020189769140609441
fottenasega,0.00020189769140609441
vodafonedown,0.00020144511478896232
illiad,0.0002014451147889623
campielettromagnetici,0.00020102239293172405
corrente,0.00020102239293172405
professionisti,0.00020011363457393748
progetti,0.00020011363457393745
salvini,0.00019962926997766926
socialandtech,0.00019940538016518445
covid_19usa,0.00019905248325707795
5gvirus,0.00019905248325707795
decreto,0.0001977398162282813
colpodistato,0.0001977398162282813
iiot,0.00019760696285721938
broadband,0.00019760696285721935
wwii,0.00019709968884146274
smartliving,0.00019703633786974142
worldonweb,0.00019703633786974142
urso,0.0001969370543240075
telefoniamobile,0.0001967420430600876
telefonia,0.0001967420430600876
hdmi,0.00019630007430632872
covidiot,0.00019618611640538148
22marzo,0.00019618611640538148
complotti,0.0001961490395884205
lavori,0.0001959512857559535
egitto,0.0001954028837137564
iran,0.0001954028837137564
berec,0.00019266452643835596
facebook,0.0001918325771467529
giovannibattista,0.0001913335552605317
eugeniopignatelli,0.0001913335552605317
cisco,0.00019107374855330982
malditesta,0.0001908562578489653
elettrificazioneterrestre,0.0001908562578489653
casalino,0.00019070051503223488
laviadellaseta,0.0001907005150322348
standard,0.00019009785830133232
esteri,0.0001896585814295954
motori,0.00018961958812599948
adas,0.0001895672426828756
montanari,0.00018923998613933621
aldobisio,0.00018914239357886205
traffico,0.00018828320654957177
brennero,0.00018814284056137672
lasagna,0.00018770753831401891
neolix,0.00018670066946581008
delivery,0.00018670066946581008
fondonazionaleinnovazione,0.0001866858938765
tweet,0.00018668589387649994
connectivity,0.00018636758632837238
smarthome,0.00018636758632837238
europea,0.00018354543798357496
rischio,0.00018344344703798913
memoria,0.00018258523076979862
mitsubishi,0.0001821258571783638
lidar,0.0001821258571783638
5o,0.00018208510688209117
healthtech,0.00018097272895162576
eu,0.00017993055906553076
coviditaly,0.00017989143683068307
5gishere,0.0001796435591316287
redminote,0.00017936630986882703
bigtech,0.0001789796977883671
sicurezzainformatica,0.00017897955805289947
attacchiinformatici,0.00017897955805289945
vested,0.00017847611801378267
covid19_italia,0.00017847611801378267
investimentisanitari,0.00017799281535389025
debunker,0.0001776692187709297
bosch,0.00017675966875113833
resistenzaitaliana2020,0.00017573994035696084
digitaleconomy,0.0001748864027709172
massa,0.000174511600376423
finanziamento,0.00017377023392364398
sicure,0.00017377023392364398
x50,0.0001721845226426382
unannobellissimo,0.00017173203854110153
gm,0.0001716820688510889
geodatalabinterests,0.0001713512928044796
firme,0.00017101466090935905
5gharvesting,0.00016905749048575495
tavolotecnico,0.00016872539103277438
bl,0.00016872539103276427
mobilita,0.0001672238990746713
ingloriousglobastards,0.00016642981367090233
stayathome,0.00016615103634566158
vr,0.00016607994644596394
strategie,0.0001657360205329035
martiallaw2020,0.00016491207033752549
ghent,0.00016413430091799796
unpopolofottuto,0.00016403091720498534
curiosità,0.000163446433742814
patent_index_2019,0.00016320151918835894
shanghai,0.00016271989152658625
ogm,0.0001616788959961779
marcianò,0.00016107119077499247
5gappeal,0.00016094272371608255
zonarossa,0.00016093739256207212
ministero,0.00016040647000967678
ofmaio,0.00015997846145253798
iostoacasa,0.00015995715627305343
coviditalia,0.00015932250445010023
codvid19,0.00015915344311367356
accordieconomiciconcina,0.0001588876584795782
mercato,0.00015851750814289292
ricercaesviluppo,0.00015767620858647726
genocide,0.00015677754054160576
ashtar,0.00015677754054160576
sbronzitutti,0.00015677754054160576
ciber,0.00015612897129470618
golden,0.00015608683849572294
byoblu24,0.00015463927325582406
ace2,0.00015328929701338508
nodatanomarket,0.0001519182179195975
governodellavergogna,0.00015189302494424782
riportiamoleaziendeinpatria,0.0001518593817650218
contedittatore,0.00015175237051775735
dos,0.000151490162425702
amendola,0.0001505495424757278
microsd,0.00014890874136443456
oled,0.000147661194630485
laser,0.0001476441842768378
vitaminad,0.0001463951204127196
digital,0.00014621034207418045
pechino,0.00014507621601813814
opensource,0.00014496850669144413
manager,0.00014428454295162087
coronaminchia,0.00014389891439040448
viruschines,0.0001437979310632198
devecchis,0.0001437746631610233
androiddev,0.0001433138600653087
antispionaggio,0.00014327886181056136
29marzo,0.0001432154178805718
coranavirusitalia,0.0001414743128480714
albericidio,0.00014123682186535432
facialrecognition,0.00013876883306674273
asiatica,0.000136992016383958
blockchaincommunity,0.00013680963150243368
morepiratesplease,0.00013670467499672724
scientifiche,0.00013670372358413408
coronvirus,0.00013553029971204923
hpe,0.00013472792396385
scalatestraniere,0.00013436239511770118
leggemarziale,0.00013421106414314058
risorgimentodigitale,0.00013415795042367407
cosco,0.00013351553965882185
viteumane,0.00013338986648166472
granbretagna,0.00013321061430481037
immunodepressione,0.00013319703822443685
studio,0.00013314638585958192
barilla,0.0001329565888706157
5gtechnology,0.00013203608751070605
pisano,0.00013121542755736504
usacina,0.00013093645144231805
wimax,0.00013017705119006137
3gpp,0.00012965329521953824
rainò,0.00012965329521953824
rischi,0.0001296321469468372
elettrificazione,0.0001285841615766475
ibuprofene,0.0001285841615766475
huaweiita,0.00012847518935940917
factory,0.00012847518935940917
statiuniti,0.00012810225131182554
canada,0.00012808935540684348
sanzioni,0.00012808935540684348
poggibonsi,0.00012700960616158648
bug,0.00012700960616158648
fakenewsmedia,0.00012658938892726293
nokia8,0.00012620103994527218
ciarlatani,0.0001260560130691199
salvinivergognati,0.00012551710634930172
pentagono,0.00012518692372151728
colonizzazione,0.00012342989372292427
wirelesswednesday,0.00012314411405210755
bassapotenza,0.00012275402755006272
smarttv,0.00012275402755006272
amadeus,0.00012127323887389753
elisabettaripa,0.00012062906321740428
wallstreet,0.00012038164609688823
foxconn,0.00011966768793767776
sostenibili,0.00011956305271437659
noncelapossiamofare,0.00011899210590484626
idiocracy,0.00011858478341209122
cloudsecurity,0.00011833079255633039
siri,0.00011828787278511611
brand,0.00011731241504226206
serviceprovider,0.0001172746948277398
emergenza,0.00011609117255850444
tesicomplottiste,0.00011609117255850444
estinzione,0.00011609117255850444
spiritualità,0.00011609117255850444
regnounito,0.00011609117255850444
euro,0.00011569503660472287
2aprile,0.00011530920265215714
bufale,0.0001150220389156136
mauriziomartucci,0.0001150220389156136
smartroad,0.00011500828344192448
competizioneglobale,0.00011457371885635042
norditalia,0.00011445047653340229
leading5ginnovations,0.00011339944265247297
roaming,0.0001131011398366174
napolitano,0.00011268691644232234
trend2020,0.00011121015831604128
technologia,0.00010876866666969742
